dataset,feature,pearson_mean_abs,pearson_max_abs,spearman_mean_abs,spearman_max_abs,rf_importance_raw,rf_importance_norm,redundancy_mean_abs,redundancy_max_abs,high_redundancy,spearman_pearson_gap,possible_nonlinear_relation,correlation_strength,physical_score,redundancy_penalty,dp_fsm_score,feature_level,selection_decision,rank
heat,qprime,0.8660290787130248,0.8660290787130248,0.8797171837171838,0.8797171837171838,0.8295076927759277,1.0,0.025404490091433238,0.07403627256005978,False,0.013688105004158957,False,0.8728731312151043,1.0,0.025404490091433238,0.859321490355388,core,keep_core,1
heat,k,0.2855553077887852,0.2855553077887852,0.4034469554469554,0.4034469554469554,0.08367294564625155,0.10087060840417529,0.017404527801172284,0.03522641387014045,False,0.11789164765817023,False,0.3445011316178703,1.0,0.017404527801172284,0.43187106922649643,low_priority,optional_drop_or_compare,2
heat,L,0.06498413500891381,0.06498413500891381,0.08844390444390444,0.08844390444390444,0.02305290293923937,0.027791065881611513,0.023341404108353517,0.03299181120196454,False,0.023459769434990632,False,0.07671401972640912,1.0,0.023341404108353517,0.3290173852715708,low_priority,optional_drop_or_compare,3
heat,mdot,0.05313319562263896,0.05313319562263896,0.08001774801774802,0.08001774801774802,0.018348786347674506,0.02212009184178959,0.014363850062343066,0.03228533279090867,False,0.026884552395109063,False,0.0665754718201935,1.0,0.014363850062343066,0.3251722840923606,low_priority,optional_drop_or_compare,4
heat,Tin,0.06293195788732621,0.06293195788732621,0.060823176823176825,0.060823176823176825,0.01583633559998646,0.01909124621495738,0.030768321976466086,0.07403627256005978,False,0.0021087810641493843,False,0.06187756735525152,1.0,0.030768321976466086,0.3212138118734161,low_priority,optional_drop_or_compare,5
heat,R,0.015222531736251304,0.015222531736251304,0.012266400266400267,0.012266400266400267,0.014781296000894553,0.01781935975955726,0.01960303669670805,0.04811065339676589,False,0.0029561314698510373,False,0.013744466001325785,1.0,0.01960303669670805,0.3075088440585941,low_priority,optional_drop_or_compare,6
heat,Cp,0.0004763721470739576,0.0004763721470739576,0.01599012399012399,0.01599012399012399,0.014800040690025967,0.017841957125795886,0.032339245448729105,0.03757316974254654,False,0.015513751843050034,False,0.008233248068598974,1.0,0.032339245448729105,0.3045886370134455,low_priority,optional_drop_or_compare,7
