dataset,feature,pearson_mean_abs,pearson_max_abs,spearman_mean_abs,spearman_max_abs,rf_importance_raw,rf_importance_norm,redundancy_mean_abs,redundancy_max_abs,high_redundancy,spearman_pearson_gap,possible_nonlinear_relation,correlation_strength,physical_score,redundancy_penalty,dp_fsm_score,feature_level,selection_decision,rank
powery,CR4,0.3342688442459986,0.9368555864576507,0.3295927774492488,0.9385849465849468,0.18838695065372504,1.0,0.029962213319622462,0.06624565884616714,False,0.0046760667967498115,False,0.3319308108476237,0.5,0.029962213319622462,0.5465830219223249,candidate,keep_candidate,1
powery,CR3,0.3453894428205183,0.9304045056801045,0.33725946952499014,0.9362501762501763,0.1821502307746702,0.9668940982514305,0.02624619106919099,0.05296560288424837,False,0.00812997329552817,False,0.3413244561727542,0.5,0.02624619106919099,0.5398409472203363,candidate,keep_candidate,2
powery,CR2,0.3356657242157531,0.9175869176349156,0.32893726865382855,0.9211380451380452,0.18138333986503152,0.9628232700598944,0.03137347198262743,0.06624565884616714,False,0.006728455561924529,False,0.3323014964347908,0.5,0.03137347198262743,0.5354000827501427,candidate,keep_candidate,3
powery,CR5,0.3255931869492622,0.9127975256633507,0.3182894902204606,0.9168736488736489,0.1588365131460567,0.843139679234019,0.019232055845454905,0.04676797339220974,False,0.007303696728801601,False,0.3219413385848614,0.5,0.019232055845454905,0.49760109976111866,candidate,keep_candidate,4
powery,CR1,0.3197103668064753,0.9129332086484012,0.3124157914487478,0.9169698529698531,0.1586782431931273,0.8422995469829252,0.025610256671200482,0.05296560288424837,False,0.007294575357727484,False,0.31606307912761156,0.5,0.025610256671200482,0.49494776216604097,candidate,keep_candidate,5
powery,CR6,0.2969947045492661,0.9192366484377718,0.29055723149605234,0.9232515472515475,0.13056472236738936,0.6930667008214438,0.01870267502200331,0.033424488406265794,False,0.006437473053213738,False,0.2937759680226592,0.5,0.01870267502200331,0.4441825331510306,low_priority,optional_drop_or_compare,6
